{
    "intercept": -1.87933930082504,
    "coefficients": {
        "mean_entropy": 71.59408450168392
    }
}
