{
    "intercept": -3.22272844028289,
    "coefficients": {
        "mean_entropy": 56.55507782225545
    }
}
