{
    "intercept": -2.642479190362155,
    "coefficients": {
        "mean_entropy": 72.50370738854738
    }
}
