{
    "intercept": -2.4772264817202942,
    "coefficients": {
        "mean_rank_1": -7.336067509576035,
        "mean_rank_2": 4.917574432285954,
        "mean_rank_3": 3.428741648012926,
        "mean_rank_4": 4.505767258853985,
        "mean_rank_5": 8.801288798648777,
        "mean_rank_6": 9.092589316386668,
        "mean_rank_7": 9.358592009407442,
        "mean_rank_8": 9.225141257623289,
        "mean_rank_9": 8.993163104201358,
        "mean_rank_10": 8.495576828545863,
        "mean_rank_11": 7.760345151695639,
        "mean_rank_12": 7.274137389517019,
        "mean_rank_13": 7.225649744741834,
        "mean_rank_14": 7.203827552308345,
        "mean_rank_15": 7.015611125078427,
        "max_rank_1": 3.516023784356183,
        "max_rank_2": -0.9690667216378127,
        "max_rank_3": 0.7859853362976227,
        "max_rank_4": 0.822701121109649,
        "max_rank_5": -0.2704732731237818,
        "max_rank_6": 0.032137446597895865,
        "max_rank_7": 0.5915839192991692,
        "max_rank_8": -2.5008692714123737,
        "max_rank_9": -2.0871430069679575,
        "max_rank_10": 0.3357153109870205,
        "max_rank_11": 2.1867999593151373,
        "max_rank_12": 4.969791552195707,
        "max_rank_13": 10.085848874048477,
        "max_rank_14": 14.862930399796106,
        "max_rank_15": 18.231846670140648
    }
}
