{
    "intercept": -3.0185255161131437,
    "coefficients": {
        "mean_rank_1": 3.809306814192163,
        "mean_rank_2": -1.8128073647677416,
        "mean_rank_3": 4.700689819001107,
        "mean_rank_4": -8.221544712005697,
        "mean_rank_5": -1.1420717413141663,
        "mean_rank_6": 5.456805233810631,
        "mean_rank_7": 5.855823832289769,
        "mean_rank_8": 8.243304469835891,
        "mean_rank_9": 8.254440178338244,
        "mean_rank_10": 8.529326683708193,
        "mean_rank_11": 8.367415608435955,
        "mean_rank_12": 8.69105683766921,
        "mean_rank_13": 8.678193416363454,
        "mean_rank_14": 11.393183174991485,
        "mean_rank_15": 18.695330221883378,
        "max_rank_1": 6.177215710366874,
        "max_rank_2": -4.895268732377841,
        "max_rank_3": -0.20636974452174559,
        "max_rank_4": 2.027276903798176,
        "max_rank_5": 0.6158365251480625,
        "max_rank_6": -0.26628556936063713,
        "max_rank_7": 1.8614946012808984,
        "max_rank_8": -1.220043796144917,
        "max_rank_9": -2.1347393623811786,
        "max_rank_10": -0.056967102258839504,
        "max_rank_11": 0.29836408320054475,
        "max_rank_12": -0.6262071012632385,
        "max_rank_13": 3.7452519473367603,
        "max_rank_14": 9.60760927857737,
        "max_rank_15": 19.14091379779677
    }
}
