{
    "intercept": -1.6532406233773351,
    "coefficients": {
        "mean_entropy": 0.8804422624091306
    }
}
