{
    "intercept": -0.5607375595734145,
    "coefficients": {
        "mean_entropy": 1.3304658756938652
    }
}
