{
    "intercept": -2.9149738672340084,
    "coefficients": {
        "mean_entropy": 58.16536593597155
    }
}
