{
    "intercept": -0.7135087506508805,
    "coefficients": {
        "mean_entropy": 1.0254355456950661
    }
}
