{
    "intercept": -3.426338135569621,
    "coefficients": {
        "mean_rank_1": 6.959802347742871,
        "mean_rank_2": -4.277739759767382,
        "mean_rank_3": 1.559398675236938,
        "mean_rank_4": -6.4967691771472325,
        "mean_rank_5": -0.5972514581524898,
        "mean_rank_6": 1.2956728071720396,
        "mean_rank_7": 3.525993846878233,
        "mean_rank_8": 6.157833427257621,
        "mean_rank_9": 7.741655124758223,
        "mean_rank_10": 9.524835775340794,
        "mean_rank_11": 6.615496785222883,
        "mean_rank_12": 8.088673719655684,
        "mean_rank_13": 9.66101097035925,
        "mean_rank_14": 10.140965021274928,
        "mean_rank_15": 23.369271528231792,
        "max_rank_1": 8.039981940930094,
        "max_rank_2": -3.477193999720524,
        "max_rank_3": -0.8433666089848938,
        "max_rank_4": 2.2888247091465703,
        "max_rank_5": -0.507200041044913,
        "max_rank_6": -0.8190703651576206,
        "max_rank_7": 0.7809990113509325,
        "max_rank_8": -1.2029825151174562,
        "max_rank_9": 0.3969473931535286,
        "max_rank_10": 6.132961570680347,
        "max_rank_11": -11.773363074057428,
        "max_rank_12": -6.539717568002949,
        "max_rank_13": 0.6608401082754234,
        "max_rank_14": 8.837967864676294,
        "max_rank_15": 22.982469263708772
    }
}
