{
    "intercept": -1.7712828781756473,
    "coefficients": {
        "mean_rank_1": 0.03325403461477714,
        "mean_rank_2": 0.03166864330764679,
        "mean_rank_3": 0.2220956185510917,
        "mean_rank_4": -0.12475577847066024,
        "mean_rank_5": -0.09739451905357918,
        "mean_rank_6": 0.15029139274312472,
        "mean_rank_7": -0.24754877669131775,
        "mean_rank_8": 0.254743481482073,
        "mean_rank_9": -0.0382450811223285,
        "mean_rank_10": 0.08589579212848757,
        "mean_rank_11": -0.4603605123022898,
        "mean_rank_12": 0.40529500097650156,
        "mean_rank_13": 0.5050245496982168,
        "mean_rank_14": -0.4778434124239817,
        "mean_rank_15": 0.5032824978765146,
        "max_rank_1": 0.4293781376254832,
        "max_rank_2": -0.1577063310379381,
        "max_rank_3": -0.024156231978313913,
        "max_rank_4": 0.10544994036986695,
        "max_rank_5": 0.12623818356264802,
        "max_rank_6": -0.08532087593373136,
        "max_rank_7": 0.19177075399674362,
        "max_rank_8": -0.1084796183908611,
        "max_rank_9": 0.012793773713075244,
        "max_rank_10": 0.07072349171047168,
        "max_rank_11": 0.3362572859904672,
        "max_rank_12": -0.3291622558845589,
        "max_rank_13": -0.3721765069403365,
        "max_rank_14": 0.3590693564325166,
        "max_rank_15": 0.21852247110276704
    }
}
