{
    "intercept": -0.730240917017994,
    "coefficients": {
        "mean_rank_1": -0.5265811390434717,
        "mean_rank_2": 0.357614427408282,
        "mean_rank_3": 0.2397250469250552,
        "mean_rank_4": 0.05262365697033567,
        "mean_rank_5": 0.11533662163275765,
        "mean_rank_6": -0.014406477894829947,
        "mean_rank_7": -0.08031167571958218,
        "mean_rank_8": -0.052700357340412375,
        "mean_rank_9": 0.1946936832227887,
        "mean_rank_10": 0.238556767592434,
        "mean_rank_11": -0.047921423853011534,
        "mean_rank_12": -0.2670064031669152,
        "mean_rank_13": -0.04483704413552796,
        "mean_rank_14": 0.2276574797265124,
        "mean_rank_15": 0.5508916765163463,
        "max_rank_1": 0.4331598683994705,
        "max_rank_2": -0.08507510390064034,
        "max_rank_3": 0.02708175875106829,
        "max_rank_4": 0.09762770122904751,
        "max_rank_5": 0.02624329691461064,
        "max_rank_6": 0.008969666666129387,
        "max_rank_7": 0.11585940292607472,
        "max_rank_8": 0.018086572523910292,
        "max_rank_9": -0.05282034841582083,
        "max_rank_10": -0.009712438012425799,
        "max_rank_11": 0.024144481580435494,
        "max_rank_12": -0.06677048788151416,
        "max_rank_13": -0.011194712070120131,
        "max_rank_14": -0.06171160572291489,
        "max_rank_15": 0.6926529360282614
    }
}
