{
    "intercept": -0.6726366781545723,
    "coefficients": {
        "mean_rank_1": 0.2631020001697808,
        "mean_rank_2": -0.12942157880436922,
        "mean_rank_3": 0.15077041992646928,
        "mean_rank_4": -0.16787871571816962,
        "mean_rank_5": 0.07757756525019859,
        "mean_rank_6": -0.010495329846178151,
        "mean_rank_7": -0.24657546181682222,
        "mean_rank_8": 0.14126764234717742,
        "mean_rank_9": 0.18631137075960577,
        "mean_rank_10": -0.03497083248794424,
        "mean_rank_11": -0.28260094489977894,
        "mean_rank_12": 0.24031509480058397,
        "mean_rank_13": 1.1967688273139852,
        "mean_rank_14": -0.5029390454953859,
        "mean_rank_15": 0.2804408688156865,
        "max_rank_1": 0.9039370950228888,
        "max_rank_2": -0.31390290369716317,
        "max_rank_3": -0.11448455653443548,
        "max_rank_4": 0.10447261870856256,
        "max_rank_5": -0.03149136933240979,
        "max_rank_6": -0.02073770449248117,
        "max_rank_7": 0.17353355447294305,
        "max_rank_8": -0.08339555798889874,
        "max_rank_9": -0.13466653713578364,
        "max_rank_10": 0.4576559723687585,
        "max_rank_11": -0.14057481148107606,
        "max_rank_12": -0.27919147545838013,
        "max_rank_13": -0.6637033821266987,
        "max_rank_14": 0.3719527949326894,
        "max_rank_15": 0.5802118221513315
    }
}
