{
    "intercept": -2.6023871478367155,
    "coefficients": {
        "mean_rank_1": -0.09988506804728804,
        "mean_rank_2": 1.9441108460010212,
        "mean_rank_3": -1.1355484484281517,
        "mean_rank_4": -0.4485865723791682,
        "mean_rank_5": -0.8955101549289342,
        "mean_rank_6": 2.2880011254402595,
        "mean_rank_7": 4.5479974130344125,
        "mean_rank_8": 5.644819963780369,
        "mean_rank_9": 5.239694400178437,
        "mean_rank_10": 5.4916379376645175,
        "mean_rank_11": 5.493801676696372,
        "mean_rank_12": 5.993025030229233,
        "mean_rank_13": 6.391995869405646,
        "mean_rank_14": 6.733775139352016,
        "mean_rank_15": 7.024190656648915,
        "max_rank_1": 10.163826027653846,
        "max_rank_2": -8.309971242387887,
        "max_rank_3": -0.44135810008819315,
        "max_rank_4": 0.7903564585241303,
        "max_rank_5": 0.1434743278943548,
        "max_rank_6": 0.47899576015130574,
        "max_rank_7": 1.4058778557045881,
        "max_rank_8": 0.9016259201690136,
        "max_rank_9": -3.3459277861600185,
        "max_rank_10": -2.9162174536301877,
        "max_rank_11": -1.4028562185771334,
        "max_rank_12": 1.822404306207259,
        "max_rank_13": 8.60390484115637,
        "max_rank_14": 15.84628041325888,
        "max_rank_15": 22.390870015412332
    }
}
